Die h√§ufigsten Seiten,Klicks,Impressionen,CTR,Position
https://pferdewert.de/,103,451,22.84%,11.3
https://www.pferdewert.de/,26,76,34.21%,10.7
http://pferdewert.de/,5,48,10.42%,4.98
https://www.pferdewert.de/bewerten,3,30,10%,4.37
https://pferdewert.de/pferde-preis-berechnen,2,115,1.74%,11.77
https://pferdewert.de/agb,1,19,5.26%,3.32
https://pferdewert.de/pferd-kaufen,0,31,0%,19.87
https://pferdewert.de/was-ist-mein-pferd-wert,0,26,0%,5.19
https://pferdewert.de/impressum,0,18,0%,2.78
https://pferdewert.de/beispiel-analyse,0,15,0%,3.33
https://www.pferdewert.de/pferde-preis-berechnen,0,5,0%,9.6